{
  "sorting": "ascending",
  "count_libraries": false,
  "compact_list": true,
  "count_children": false,
  "mods_button_style": "shrink",
  "count_hidden_mods": false,
  "mod_count_location": "none",
  "hide_mod_links": false,
  "show_libraries": false,
  "hide_mod_license": false,
  "hide_badges": false,
  "hide_mod_credits": false,
  "easter_eggs": false,
  "modify_title_screen": true,
  "modify_game_menu": true,
  "hide_config_buttons": false,
  "hidden_mods": [],
  "log_deprecation_warnings": true
}